{"stats":{"minecraft:custom":{"minecraft:jump":78,"minecraft:time_since_rest":18733,"minecraft:leave_game":2,"minecraft:play_time":18733,"minecraft:sprint_one_cm":4769,"minecraft:time_since_death":18733,"minecraft:walk_one_cm":3008,"minecraft:total_world_time":18733,"minecraft:fall_one_cm":836,"minecraft:fly_one_cm":5751},"minecraft:used":{"minecraft:dirt":2,"minecraft:spruce_log":1},"minecraft:picked_up":{"minecraft:spruce_log":1,"minecraft:dirt":3},"minecraft:mined":{"minecraft:large_fern":13,"minecraft:grass_block":2,"minecraft:spruce_leaves":1,"minecraft:spruce_log":1,"minecraft:dirt":1}},"DataVersion":3465}